Username,Password
christopher29,*57h5Gs&!N
shammond,&)K2dop*7C
kelliott,Z$m3PUX*Zk
tpowell,*9D)T&3sc%
jeremymejia,*40Crd2qsM
tara03,w6)3uUvj+t
jennifercook,Q*PydF7l*2
harpersarah,iVLIfiYt$3
ewingsarah,$oa2SSMjPt
cponce,)3Zk9iKUoV
gabriellestevens,5yyJ73jL#(
cbryant,q0!4Iv!l&f
thanson,2uJHDPIa)e
jaimemonroe,#kGF8Qxdq6
ashleytaylor,18LDoJTK&O
jessica53,7TAuvOg3+x
garyhardin,2MXULjdm!G
ygonzalez,!P_9bHHhZa
katherinemurray,OJj2xJPmQ!
nicholsonalvin,24PPQzJ8%L
carolortiz,6o)Z8uW+%5
bensonsandra,HQVqFjfz^5
yvonne83,)Gm7KgRiz#
jeffersonsean,)!rk2KEe($
jacqueline40,628w)ZLj+H
michellejenkins,In!$25GaB0
allen14,ntv_3Olrw!
leroy27,%!ZjXGFih4
josebarber,g)$@7+YAHo
ashley86,p7eJdSft%!
